[{"model": "admin.logentry", "pk": 1, "fields": {"action_time": "2021-05-10T11:29:06.731Z", "user": 1, "content_type": 7, "object_id": "1", "object_repr": "who developed the python language?", "action_flag": 1, "change_message": "[{\"added\": {}}]"}}, {"model": "admin.logentry", "pk": 2, "fields": {"action_time": "2021-05-10T11:29:56.191Z", "user": 1, "content_type": 7, "object_id": "2", "object_repr": "When was Django invented?", "action_flag": 1, "change_message": "[{\"added\": {}}]"}}, {"model": "admin.logentry", "pk": 3, "fields": {"action_time": "2021-05-10T11:30:24.373Z", "user": 1, "content_type": 8, "object_id": "1", "object_repr": "Django Quiz", "action_flag": 1, "change_message": "[{\"added\": {}}]"}}, {"model": "admin.logentry", "pk": 4, "fields": {"action_time": "2021-05-10T11:33:34.202Z", "user": 1, "content_type": 8, "object_id": "1", "object_repr": "Django Quiz", "action_flag": 3, "change_message": ""}}, {"model": "admin.logentry", "pk": 5, "fields": {"action_time": "2021-05-10T11:35:07.273Z", "user": 1, "content_type": 8, "object_id": "1", "object_repr": "Django Quiz", "action_flag": 1, "change_message": "[{\"added\": {}}]"}}, {"model": "admin.logentry", "pk": 6, "fields": {"action_time": "2021-05-12T10:28:01.033Z", "user": 1, "content_type": 7, "object_id": "2", "object_repr": "When was Django invented?", "action_flag": 2, "change_message": "[{\"changed\": {\"fields\": [\"Ans\"]}}]"}}, {"model": "admin.logentry", "pk": 7, "fields": {"action_time": "2021-05-12T10:29:20.491Z", "user": 1, "content_type": 7, "object_id": "2", "object_repr": "When was Django invented?", "action_flag": 2, "change_message": "[{\"changed\": {\"fields\": [\"Ans\"]}}]"}}, {"model": "admin.logentry", "pk": 8, "fields": {"action_time": "2021-05-12T10:29:28.863Z", "user": 1, "content_type": 7, "object_id": "1", "object_repr": "who developed the python language?", "action_flag": 2, "change_message": "[{\"changed\": {\"fields\": [\"Ans\"]}}]"}}, {"model": "admin.logentry", "pk": 9, "fields": {"action_time": "2021-05-12T12:44:00.947Z", "user": 1, "content_type": 7, "object_id": "3", "object_repr": "when was django released?", "action_flag": 1, "change_message": "[{\"added\": {}}]"}}, {"model": "admin.logentry", "pk": 10, "fields": {"action_time": "2021-05-12T12:44:58.558Z", "user": 1, "content_type": 7, "object_id": "3", "object_repr": "when was django developed?", "action_flag": 2, "change_message": "[{\"changed\": {\"fields\": [\"Question\", \"Op1\", \"Op2\", \"Op3\", \"Op4\"]}}]"}}, {"model": "admin.logentry", "pk": 11, "fields": {"action_time": "2021-05-12T12:45:15.130Z", "user": 1, "content_type": 7, "object_id": "3", "object_repr": "when was django released?", "action_flag": 2, "change_message": "[{\"changed\": {\"fields\": [\"Question\"]}}]"}}, {"model": "admin.logentry", "pk": 12, "fields": {"action_time": "2021-05-12T12:47:27.720Z", "user": 1, "content_type": 7, "object_id": "4", "object_repr": "when was first version of python released?", "action_flag": 1, "change_message": "[{\"added\": {}}]"}}, {"model": "admin.logentry", "pk": 13, "fields": {"action_time": "2021-05-12T12:48:07.592Z", "user": 1, "content_type": 7, "object_id": "5", "object_repr": "when was python released?", "action_flag": 1, "change_message": "[{\"added\": {}}]"}}, {"model": "auth.permission", "pk": 1, "fields": {"name": "Can add log entry", "content_type": 1, "codename": "add_logentry"}}, {"model": "auth.permission", "pk": 2, "fields": {"name": "Can change log entry", "content_type": 1, "codename": "change_logentry"}}, {"model": "auth.permission", "pk": 3, "fields": {"name": "Can delete log entry", "content_type": 1, "codename": "delete_logentry"}}, {"model": "auth.permission", "pk": 4, "fields": {"name": "Can view log entry", "content_type": 1, "codename": "view_logentry"}}, {"model": "auth.permission", "pk": 5, "fields": {"name": "Can add permission", "content_type": 2, "codename": "add_permission"}}, {"model": "auth.permission", "pk": 6, "fields": {"name": "Can change permission", "content_type": 2, "codename": "change_permission"}}, {"model": "auth.permission", "pk": 7, "fields": {"name": "Can delete permission", "content_type": 2, "codename": "delete_permission"}}, {"model": "auth.permission", "pk": 8, "fields": {"name": "Can view permission", "content_type": 2, "codename": "view_permission"}}, {"model": "auth.permission", "pk": 9, "fields": {"name": "Can add group", "content_type": 3, "codename": "add_group"}}, {"model": "auth.permission", "pk": 10, "fields": {"name": "Can change group", "content_type": 3, "codename": "change_group"}}, {"model": "auth.permission", "pk": 11, "fields": {"name": "Can delete group", "content_type": 3, "codename": "delete_group"}}, {"model": "auth.permission", "pk": 12, "fields": {"name": "Can view group", "content_type": 3, "codename": "view_group"}}, {"model": "auth.permission", "pk": 13, "fields": {"name": "Can add user", "content_type": 4, "codename": "add_user"}}, {"model": "auth.permission", "pk": 14, "fields": {"name": "Can change user", "content_type": 4, "codename": "change_user"}}, {"model": "auth.permission", "pk": 15, "fields": {"name": "Can delete user", "content_type": 4, "codename": "delete_user"}}, {"model": "auth.permission", "pk": 16, "fields": {"name": "Can view user", "content_type": 4, "codename": "view_user"}}, {"model": "auth.permission", "pk": 17, "fields": {"name": "Can add content type", "content_type": 5, "codename": "add_contenttype"}}, {"model": "auth.permission", "pk": 18, "fields": {"name": "Can change content type", "content_type": 5, "codename": "change_contenttype"}}, {"model": "auth.permission", "pk": 19, "fields": {"name": "Can delete content type", "content_type": 5, "codename": "delete_contenttype"}}, {"model": "auth.permission", "pk": 20, "fields": {"name": "Can view content type", "content_type": 5, "codename": "view_contenttype"}}, {"model": "auth.permission", "pk": 21, "fields": {"name": "Can add session", "content_type": 6, "codename": "add_session"}}, {"model": "auth.permission", "pk": 22, "fields": {"name": "Can change session", "content_type": 6, "codename": "change_session"}}, {"model": "auth.permission", "pk": 23, "fields": {"name": "Can delete session", "content_type": 6, "codename": "delete_session"}}, {"model": "auth.permission", "pk": 24, "fields": {"name": "Can view session", "content_type": 6, "codename": "view_session"}}, {"model": "auth.permission", "pk": 25, "fields": {"name": "Can add ques model", "content_type": 7, "codename": "add_quesmodel"}}, {"model": "auth.permission", "pk": 26, "fields": {"name": "Can change ques model", "content_type": 7, "codename": "change_quesmodel"}}, {"model": "auth.permission", "pk": 27, "fields": {"name": "Can delete ques model", "content_type": 7, "codename": "delete_quesmodel"}}, {"model": "auth.permission", "pk": 28, "fields": {"name": "Can view ques model", "content_type": 7, "codename": "view_quesmodel"}}, {"model": "auth.permission", "pk": 29, "fields": {"name": "Can add quiz model", "content_type": 8, "codename": "add_quizmodel"}}, {"model": "auth.permission", "pk": 30, "fields": {"name": "Can change quiz model", "content_type": 8, "codename": "change_quizmodel"}}, {"model": "auth.permission", "pk": 31, "fields": {"name": "Can delete quiz model", "content_type": 8, "codename": "delete_quizmodel"}}, {"model": "auth.permission", "pk": 32, "fields": {"name": "Can view quiz model", "content_type": 8, "codename": "view_quizmodel"}}, {"model": "auth.user", "pk": 1, "fields": {"password": "pbkdf2_sha256$216000$BaKmHY6iHI44$EbwSK0itYf8kXswd41+3eP84jJJPrvCDI70Gm2sbrJA=", "last_login": "2021-05-12T12:40:29.826Z", "is_superuser": true, "username": "admin", "first_name": "", "last_name": "", "email": "", "is_staff": true, "is_active": true, "date_joined": "2021-05-10T11:26:13.677Z", "groups": [], "user_permissions": []}}, {"model": "auth.user", "pk": 2, "fields": {"password": "pbkdf2_sha256$216000$b1A20JoInMgl$dCJm+DUabX0BPFXSAInkWwboBfxe4iV9TRK/c4iH02Q=", "last_login": "2021-05-12T12:51:16.605Z", "is_superuser": false, "username": "Ishita", "first_name": "", "last_name": "", "email": "", "is_staff": false, "is_active": true, "date_joined": "2021-05-12T09:20:58.209Z", "groups": [], "user_permissions": []}}, {"model": "auth.user", "pk": 3, "fields": {"password": "pbkdf2_sha256$260000$KSjO3DlKp8ZG72X407zHVN$Wp8XbAI4rA/Xq4cuGRoolXfvioXAXV22Y9nppaqUvx4=", "last_login": "2021-11-26T18:03:31.166Z", "is_superuser": false, "username": "sai", "first_name": "", "last_name": "", "email": "", "is_staff": false, "is_active": true, "date_joined": "2021-11-26T18:01:23.767Z", "groups": [], "user_permissions": []}}, {"model": "contenttypes.contenttype", "pk": 1, "fields": {"app_label": "admin", "model": "logentry"}}, {"model": "contenttypes.contenttype", "pk": 2, "fields": {"app_label": "auth", "model": "permission"}}, {"model": "contenttypes.contenttype", "pk": 3, "fields": {"app_label": "auth", "model": "group"}}, {"model": "contenttypes.contenttype", "pk": 4, "fields": {"app_label": "auth", "model": "user"}}, {"model": "contenttypes.contenttype", "pk": 5, "fields": {"app_label": "contenttypes", "model": "contenttype"}}, {"model": "contenttypes.contenttype", "pk": 6, "fields": {"app_label": "sessions", "model": "session"}}, {"model": "contenttypes.contenttype", "pk": 7, "fields": {"app_label": "Quiz", "model": "quesmodel"}}, {"model": "contenttypes.contenttype", "pk": 8, "fields": {"app_label": "Quiz", "model": "quizmodel"}}, {"model": "sessions.session", "pk": "z9wu7m7uhc7ajjx0gcxhlbrtubqrn420", "fields": {"session_data": ".eJxVjDsOwyAQBe9CHSHA_Jwyvc-AYHcJTiKQjF1FuXtsyUXSzsx7bxbitpawdVrCjOzKFLv8shThSfUQ-Ij13ji0ui5z4kfCT9v51JBet7P9Oyixl32d44BWWkKSZpBaqCGOkLXeoU9GEDoBirJHp9H4UWtKzhAiOLBGCmKfL-svODY:1lgoKa:xab5sYIYP-PMm0-LUKG1XK9N_XDJc4KORo2BRITrXDw", "expire_date": "2021-05-26T12:51:16.722Z"}}, {"model": "Quiz.quesmodel", "pk": 1, "fields": {"question": "who developed the python language?", "op1": "Guido van Rossum", "op2": "Knapp-van Rossum", "op3": "Orlijn Michiel", "op4": "James Gosling", "ans": "option1"}}, {"model": "Quiz.quesmodel", "pk": 2, "fields": {"question": "When was Django invented?", "op1": "2001", "op2": "2002", "op3": "2003", "op4": "2004", "ans": "option3"}}, {"model": "Quiz.quesmodel", "pk": 3, "fields": {"question": "when was django released?", "op1": "15 July 2006", "op2": "16 July 2006", "op3": "16 July 2005", "op4": "15 July 2005", "ans": "option4"}}, {"model": "Quiz.quesmodel", "pk": 4, "fields": {"question": "when was first version of python released?", "op1": "1994", "op2": "1996", "op3": "1997", "op4": "1993", "ans": "option1"}}, {"model": "Quiz.quesmodel", "pk": 5, "fields": {"question": "when was python released?", "op1": "1990", "op2": "1991", "op3": "1992", "op4": "1993", "ans": "option2"}}]